Year,Average_Mean,SD,Mean_sapl_count
1988,20.82664216,2.889171693,15.75
1998,30.37459677,10.87665705,15.75
2008,0,0,23
