time_since_disturbance,sei,sd
34,0.759746336,0.05067465
24,0.693007779,0.1029309
14,0.472608025,0.343093596
